name,team,class,x,y,speed,mv,jump,hp,mp,skills,r,g,b,portrait_path,physical_attack,physical_defense,magic_attack,magic_defense,faith,bravery,patience,love
Jesus,Player,Prophet,1,1,15,4,2,200,100,Attack|Heal|Resurrection,255,200,0,assets/jesus_christ.png,31,12,25,6,29,24,3,20
Peter,Player,Apostle,0,0,12,3,1,140,20,Attack|Chakra|Fish net,50,120,240,assets/simon_peter.png,17,18,10,28,22,6,32,25
Andrew,Player,Apostle,2,0,11,3,1,130,15,Attack|Defend|Fish net,70,140,255,assets/andrew.png,14,13,38,48,50,40,33,21
James,Player,Apostle,1,0,13,3,1,150,10,Attack|Slash,60,130,240,assets/james_the_greater.png,17,33,12,16,18,41,26,45
John,Player,Apostle,3,0,11,3,1,120,50,Attack|Heal|Fire,80,150,255,assets/john.png,24,16,31,26,13,19,13,34
Philip,Player,Apostle,0,2,10,2,1,110,30,Attack|Chakra,50,120,240,assets/philip.png,30,46,32,27,38,20,36,31
Bartholomew,Player,Apostle,2,2,11,3,1,135,0,Attack,60,130,240,assets/bartholomew.png,18,22,14,20,28,30,24,30
Matthew,Player,Apostle,1,2,10,2,1,115,25,Attack|Blizzard,50,120,240,assets/matthew.png,38,38,38,32,20,41,32,28
Thomas,Player,Apostle,3,2,12,3,1,125,0,Attack,60,130,240,assets/thomas.png,15,26,22,14,32,16,25,27
James Minor,Player,Apostle,0,1,11,3,1,130,0,Attack,50,120,240,assets/james_the_lesser.png,25,25,15,20,19,29,32,25
Thaddeus,Player,Apostle,2,3,10,2,1,115,20,Attack|Chakra,50,120,240,assets/jude_thaddeus.png,20,33,36,36,30,30,36,31
Simon,Player,Apostle,3,1,11,3,1,140,0,Attack|Slash,60,130,240,assets/simon_the_zealot.png,32,23,8,14,27,16,19,4
Legionnaire 1,Enemy,Soldier,5,7,11,3,1,120,0,Attack,200,50,50,assets/legionaire.png,26,29,17,21,20,23,19,20
Legionnaire 2,Enemy,Soldier,7,6,11,3,1,120,0,Attack,200,50,50,assets/legionaire.png,23,27,21,25,16,27,23,17
Legionnaire 3,Enemy,Soldier,8,7,11,3,1,120,0,Attack,200,50,50,assets/legionaire.png,29,25,15,19,24,20,21,22
Legionnaire Archer 1,Enemy,Archer,6,8,10,3,1,100,0,Attack|Shoot,200,50,50,assets/legionaire.png,19,18,24,22,22,19,20,24
