name,team,class,x,y,speed,mv,jump,mp,skills,r,g,b,portrait_path,magic_attack,magic_defense,faith,bravery,patience,love
Jesus,Player,Prophet,1,1,15,4,2,100,Preach|Heal|Resurrection,255,200,0,assets/jesus_christ.png,25,6,129,24,3,20
Peter,Player,Apostle,0,0,12,3,1,20,Preach|Chakra|Fish net,50,120,240,assets/simon_peter.png,10,28,122,6,32,25
Andrew,Player,Apostle,2,0,11,3,1,15,Preach|Defend|Fish net,70,140,255,assets/andrew.png,38,48,150,40,33,21
James,Player,Apostle,1,0,13,3,1,10,Preach|Slash,60,130,240,assets/james_the_greater.png,12,16,118,41,26,45
John,Player,Apostle,3,0,11,3,1,50,Preach|Heal,80,150,255,assets/john.png,31,26,113,19,13,34
Philip,Player,Apostle,0,2,10,2,1,30,Preach|Chakra,50,120,240,assets/philip.png,32,27,138,20,36,31
Bartholomew,Player,Apostle,2,2,11,3,1,0,Preach,60,130,240,assets/bartholomew.png,14,20,128,30,24,30
Matthew,Player,Apostle,1,2,10,2,1,25,Preach,50,120,240,assets/matthew.png,38,32,120,41,32,28
Thomas,Player,Apostle,3,2,12,3,1,0,Preach,60,130,240,assets/thomas.png,22,14,132,16,25,27
James Minor,Player,Apostle,0,1,11,3,1,0,Preach,50,120,240,assets/james_the_lesser.png,15,20,119,29,32,25
Thaddeus,Player,Apostle,2,3,10,2,1,20,Preach|Chakra,50,120,240,assets/jude_thaddeus.png,36,36,130,30,36,31
Simon,Player,Apostle,3,1,11,3,1,0,Preach|Slash,60,130,240,assets/simon_the_zealot.png,8,14,127,16,19,4
Legionnaire 1,Enemy,Soldier,6,6,11,3,1,0,Preach,200,50,50,assets/legionaire.png,18,22,100,25,20,20
Legionnaire 2,Enemy,Soldier,7,6,11,3,1,0,Preach,200,50,50,assets/legionaire.png,20,24,100,27,22,18
Legionnaire 3,Enemy,Soldier,6,7,11,3,1,0,Preach,200,50,50,assets/legionaire.png,17,20,100,22,18,24
Legionnaire 4,Enemy,Soldier,8,7,11,3,1,0,Preach,200,50,50,assets/legionaire.png,19,23,100,26,23,19
Legionnaire 5,Enemy,Soldier,7,8,11,3,1,0,Preach,200,50,50,assets/legionaire.png,16,21,100,24,19,22
Legionnaire Archer 1,Enemy,Archer,9,6,10,3,1,0,Preach|Shoot,200,50,50,assets/legionaire.png,25,26,100,20,25,22
Legionnaire Sergeant,Enemy,Sergeant,8,8,12,3,1,0,Preach,220,70,60,assets/legionaire.png,20,22,100,30,26,20
