assets/cobblestone.png,assets/stone.png,assets/cobblestone.png,assets/stone.png,assets/snow.png,assets/dirt.png,assets/cobblestone.png,assets/stone.png,assets/cobblestone.png,assets/stone.png
assets/snow.png,assets/cobblestone.png,assets/stone.png,assets/dirt.png,assets/stone.png,assets/cobblestone.png,assets/snow.png,assets/dirt.png,assets/stone.png,assets/snow.png
assets/cobblestone.png,assets/dirt.png,assets/cobblestone.png,assets/stone.png,assets/cobblestone.png,assets/snow.png,assets/cobblestone.png,assets/stone.png,assets/snow.png,assets/stone.png
assets/snow.png,assets/stone.png,assets/snow.png,assets/cobblestone.png,assets/snow.png,assets/cobblestone.png,assets/snow.png,assets/cobblestone.png,assets/stone.png,assets/snow.png
assets/stone.png,assets/cobblestone.png,assets/dirt.png,assets/stone.png,assets/dirt.png,assets/snow.png,assets/stone.png,assets/snow.png,assets/dirt.png,assets/cobblestone.png
assets/cobblestone.png,assets/stone.png,assets/cobblestone.png,assets/dirt.png,assets/stone.png,assets/dirt.png,assets/cobblestone.png,assets/stone.png,assets/snow.png,assets/dirt.png
assets/snow.png,assets/cobblestone.png,assets/stone.png,assets/snow.png,assets/cobblestone.png,assets/stone.png,assets/snow.png,assets/cobblestone.png,assets/stone.png,assets/snow.png
assets/stone.png,assets/snow.png,assets/dirt.png,assets/stone.png,assets/snow.png,assets/dirt.png,assets/stone.png,assets/snow.png,assets/cobblestone.png,assets/stone.png
assets/snow.png,assets/stone.png,assets/cobblestone.png,assets/snow.png,assets/stone.png,assets/snow.png,assets/cobblestone.png,assets/stone.png,assets/snow.png,assets/cobblestone.png
assets/stone.png,assets/stone.png,assets/stone.png,assets/stone.png,assets/stone.png,assets/stone.png,assets/stone.png,assets/stone.png,assets/stone.png,assets/stone.png
