book_name,stat,description
Genesis,faith,"In the beginning: creation, covenant, and the patriarchs."
Exodus,bravery,Moses defies Pharaoh and leads Israel out of bondage.
Leviticus,patience,Laws of holiness and discipline for a set-apart people.
Numbers,patience,Forty years of wilderness wandering and endurance.
Deuteronomy,faith,Moses renews the covenant before the promised land.
Joshua,bravery,"The conquest of Canaan, one battle at a time."
Judges,bravery,Deliverers rise again and again for a wayward people.
Ruth,love,A foreigner's loyalty and quiet devotion are rewarded.
1 Samuel,bravery,"David's rise, from shepherd boy to giant-slayer."
2 Samuel,bravery,David's reign and its triumphs and failures.
1 Kings,magic_defense,Solomon's wisdom and the kingdom's slow division.
2 Kings,magic_defense,Prophets and kings navigate the fall of two kingdoms.
1 Chronicles,faith,Israel's lineage retold to renew a scattered people's hope.
2 Chronicles,faith,"The temple, its kings, and a nation's faithfulness."
Ezra,patience,Exiles return and patiently rebuild the temple.
Nehemiah,patience,A cupbearer rebuilds Jerusalem's walls against opposition.
Esther,bravery,A queen risks everything to save her people.
Job,patience,A righteous man's suffering and unwavering endurance.
Psalms,faith,"Songs of worship, lament, and trust in God."
Proverbs,magic_defense,Wisdom sayings for a discerning and guarded heart.
Ecclesiastes,patience,A weary search for meaning under the sun.
Song of Solomon,love,A love song celebrating devotion between two hearts.
Isaiah,magic_attack,Prophecies of judgment and a coming deliverer.
Jeremiah,patience,The weeping prophet perseveres through a nation's collapse.
Lamentations,love,Grief poured out in compassion for a fallen city.
Ezekiel,magic_attack,"Visions of wheels, valleys of bones, and divine glory."
Daniel,bravery,Faith tested in a lion's den and a fiery furnace.
Hosea,love,God's relentless and faithful love for an unfaithful people.
Joel,magic_attack,A locust plague heralds the coming day of the Lord.
Amos,bravery,A shepherd boldly demands justice for the poor.
Obadiah,bravery,A short and sharp word of judgment against pride.
Jonah,patience,A reluctant prophet learns patience with mercy.
Micah,love,A call to act justly and love mercy.
Nahum,magic_attack,Judgment falls on a cruel and violent empire.
Habakkuk,faith,Wrestling honestly with God until faith holds firm.
Zephaniah,magic_attack,A warning of coming judgment and a promised remnant.
Haggai,patience,A call to patiently finish rebuilding what was abandoned.
Zechariah,magic_attack,Visions of a rebuilt Jerusalem and a coming king.
Malachi,faith,A final call back to covenant faithfulness.
Matthew,faith,"The promised Messiah, King of the Jews."
Mark,bravery,"A fast-moving account of a bold, active ministry."
Luke,love,A compassionate gospel for the outcast and overlooked.
John,love,"The Word made flesh, full of grace and truth."
Acts,bravery,The apostles boldly carry the gospel across the world.
Romans,faith,"Justification by faith, laid out with careful reasoning."
1 Corinthians,love,"Love is patient, love is kind - the heart of the church."
2 Corinthians,patience,Comfort and endurance through weakness and hardship.
Galatians,faith,Freedom in faith over the burden of the law.
Ephesians,magic_defense,"The whole armor of God, worn for spiritual defense."
Philippians,patience,Contentment and joy learned in every circumstance.
Colossians,faith,"Christ preeminent over all things, held fast by faith."
1 Thessalonians,patience,Steadfast hope while waiting for the Lord's return.
2 Thessalonians,patience,Standing firm and unshaken while waiting it out.
1 Timothy,magic_defense,Guarding sound doctrine within a young church.
2 Timothy,bravery,Fight the good fight to the very end.
Titus,magic_defense,Sound teaching to guard a church's good order.
Philemon,love,A personal appeal for forgiveness and brotherly love.
Hebrews,faith,A great cloud of witnesses testifies to living faith.
James,patience,Patience and perseverance through trials of every kind.
1 Peter,patience,Enduring suffering with hope and quiet perseverance.
2 Peter,magic_defense,A warning to guard against false teachers.
1 John,love,"God is love, and love casts out fear."
2 John,love,Walking in truth and love within the community.
3 John,love,Commending hospitality shown out of love.
Jude,magic_defense,A call to contend earnestly for the faith.
Revelation,magic_attack,A final vision of cosmic battle and ultimate victory.
