name,team,class,x,y,speed,mv,jump,hp,mp,skills,r,g,b,portrait_path
Jesus,Player,Prophet,1,1,15,4,2,200,100,Attack|Heal|Resurrection,255,200,0,
Peter,Player,Apostle,0,0,12,3,1,140,20,Attack|Chakra|Fish net,50,120,240,
Andrew,Player,Apostle,2,0,11,3,1,130,15,Attack|Defend|Fish net,70,140,255,
James,Player,Apostle,1,0,13,3,1,150,10,Attack|Slash,60,130,240,
John,Player,Apostle,3,0,11,3,1,120,50,Attack|Heal|Fire,80,150,255,
Philip,Player,Apostle,0,2,10,2,1,110,30,Attack|Chakra,50,120,240,
Bartholomew,Player,Apostle,2,2,11,3,1,135,0,Attack,60,130,240,
Matthew,Player,Apostle,1,2,10,2,1,115,25,Attack|Blizzard,50,120,240,
Thomas,Player,Apostle,3,2,12,3,1,125,0,Attack,60,130,240,
James Minor,Player,Apostle,0,1,11,3,1,130,0,Attack,50,120,240,
Thaddeus,Player,Apostle,2,3,10,2,1,115,20,Attack|Chakra,50,120,240,
Simon,Player,Apostle,3,1,11,3,1,140,0,Attack|Slash,60,130,240,
Judas,Enemy,Apostle,2,1,9,2,1,100,0,Attack,50,120,240,
Centurion Marcus,Enemy,Officer,5,11,13,3,1,160,0,Attack|Command,220,60,60,
Legionnaire 1,Enemy,Soldier,0,8,11,3,1,120,0,Attack,200,50,50,
Legionnaire 2,Enemy,Soldier,1,8,11,3,1,120,0,Attack,200,50,50,
Legionnaire 3,Enemy,Soldier,2,8,11,3,1,120,0,Attack,200,50,50,
Legionnaire 4,Enemy,Soldier,3,8,11,3,1,120,0,Attack,200,50,50,
Legionnaire 5,Enemy,Soldier,4,8,11,3,1,120,0,Attack,200,50,50,
Legionnaire 6,Enemy,Soldier,5,8,11,3,1,120,0,Attack,200,50,50,
Legionnaire 7,Enemy,Soldier,6,8,11,3,1,120,0,Attack,200,50,50,
Legionnaire 8,Enemy,Soldier,7,8,11,3,1,120,0,Attack,200,50,50,
Legionnaire 9,Enemy,Soldier,8,8,11,3,1,120,0,Attack,200,50,50,
Legionnaire 10,Enemy,Soldier,9,8,11,3,1,120,0,Attack,200,50,50,
Legionnaire 11,Enemy,Soldier,10,8,11,3,1,120,0,Attack,200,50,50,
Legionnaire 12,Enemy,Soldier,11,8,11,3,1,120,0,Attack,200,50,50,
Legionnaire 13,Enemy,Soldier,0,9,11,3,1,120,0,Attack,200,50,50,
Legionnaire 14,Enemy,Soldier,1,9,11,3,1,120,0,Attack,200,50,50,
Legionnaire 15,Enemy,Soldier,2,9,11,3,1,120,0,Attack,200,50,50,
Legionnaire 16,Enemy,Soldier,3,9,11,3,1,120,0,Attack,200,50,50,
Legionnaire 17,Enemy,Soldier,4,9,11,3,1,120,0,Attack,200,50,50,
Legionnaire 18,Enemy,Soldier,5,9,11,3,1,120,0,Attack,200,50,50,
Legionnaire 19,Enemy,Soldier,6,9,11,3,1,120,0,Attack,200,50,50,
Legionnaire 20,Enemy,Soldier,7,9,11,3,1,120,0,Attack,200,50,50,
