type,class,role,signature,skills,speed,mv,jump,mp,magic_attack,magic_defense,faith,bravery,patience,love,blurb,advice
INTJ,Architect,Analyst,Grand Design,Preach|Defend|Grand Design,12,3,1,40,26,18,130,26,30,18,"You see the whole road before the first step is taken, and you build toward it with patience and nerve.","A wise master builder lays the foundation and lets others build on it. Draw the plan, then trust the ones who carry it out."
INTP,Logician,Analyst,Reason Together,Preach|Fish net|Reason Together,11,3,1,40,30,16,125,20,34,20,"You turn every question over until it gives up its truth, and you would rather understand than merely win.","Reason with them from the Scriptures, as I did in the synagogues. A mind persuaded does not easily turn back."
ENTJ,Commander,Analyst,Marshal,Preach|Defend|Marshal,13,3,1,40,24,20,130,34,22,16,"You take charge when others hesitate, and you move a whole company toward a single goal.","Lead, but remember whose army this is. Command the line - and let the Lord command you."
ENTP,Debater,Analyst,Disputation,Preach|Shove|Disputation,13,3,1,40,28,14,120,30,18,20,"You love the clash of ideas, and you can turn an argument on its head before your opponent sees it coming.","In Athens I argued in the marketplace every day. Argue boldly - but argue to win the man, not only the point."
INFJ,Advocate,Diplomat,Intercession,Preach|First Aid|Intercession,11,3,1,40,26,18,140,22,32,30,"You feel the weight others carry, and you quietly stand between them and harm.","I have not stopped praying for you. Bear one another's burdens, and you will fulfil the law of Christ."
INFP,Mediator,Diplomat,Peacemaker,Preach|First Aid|Peacemaker,11,3,1,40,24,18,135,20,30,34,"You believe the best of people, and you can lay down another's weapon with a single honest word.","Blessed are the peacemakers. If it is possible, as far as it depends on you, live at peace with everyone."
ENFJ,Protagonist,Diplomat,Inspire,Preach|Defend|Inspire,12,3,1,40,24,18,140,30,24,30,"You draw out the best in everyone near you, and a whole company takes heart when you stand among them.","Encourage one another and build each other up. Your courage spreads - so spend it freely."
ENFP,Campaigner,Diplomat,Good News,Preach|Shove|Good News,13,3,1,40,26,14,130,28,18,32,"You carry a spark wherever you go, and the good news spreads from you like fire through dry grass.","How beautiful are the feet of those who bring good news! Go where the crowd is - and speak to all of them."
ISTJ,Logistician,Sentinel,Provision,Preach|Defend|Provision,11,3,1,40,20,24,130,24,30,18,"You keep the stores full, the road mapped and every promise kept - the company runs on your faithfulness.","Let all things be done decently and in order. A well-supplied company never has to retreat."
ISFJ,Defender,Sentinel,Shield of Faith,Preach|First Aid|Shield of Faith,11,3,1,40,20,26,140,24,30,26,"You notice who is struggling before anyone else does, and you stand guard over them without being asked.","Take up the shield of faith - with it you can quench every flaming arrow of the evil one. Hold it over the weak."
ESTJ,Executive,Sentinel,Arrest,Preach|Fish net|Arrest,12,3,1,40,22,22,130,32,22,14,"You bring order where there is chaos, and when you give your word, the thing is as good as done.","I once bound believers and dragged them off in chains. Use that strength now to restrain, never to destroy."
ESFJ,Consul,Sentinel,Breaking Bread,Preach|First Aid|Breaking Bread,11,3,1,40,22,20,135,26,24,32,"You hold the company together - no one is left outside the circle at your table.","They broke bread from house to house with glad and sincere hearts. Keep the company at your table."
ISTP,Virtuoso,Explorer,Sling,Preach|Slash|Sling,13,4,2,40,20,18,120,32,24,16,"You are calm when it counts, quick with your hands, and you find the simple solution nobody else saw.","David went out with a sling and five smooth stones. You need no armour to stop a giant - only a steady hand."
ISFP,Adventurer,Explorer,Psalm,Preach|First Aid|Psalm,12,4,2,40,24,16,130,24,26,30,"You feel beauty keenly and live in the moment, and your song can still a storm in another's heart.","When the evil spirit troubled Saul, David took up the harp, and Saul was refreshed. Sing - and let them be still."
ESTP,Entrepreneur,Explorer,Bold Venture,Preach|Slash|Bold Venture,14,4,2,40,26,14,120,38,14,18,"You act first and think on the move - you see the opening and take it before it closes.","Some risks are worth taking for the gospel. But count the cost - a bold word can win a soul, or cost you dearly."
ESFP,Entertainer,Explorer,Parable,Preach|Shove|Parable,13,4,2,40,26,14,125,28,18,28,"You light up every room and can hold a crowd in the palm of your hand with a good story.","The Lord taught the crowds in parables, and they hung on every word. Tell them a story they cannot forget."
