map,turn,character,text
jerusalem,1,Paul,"I persecuted the church of God and tried to destroy it, but God, who set me apart before I was born, was pleased to reveal his Son to me."
jerusalem,1,Barnabas,"The believers still fear you, Paul, and the temple guard has marked this house. Stand ready, all of you."
antioch,1,Paul,"Set apart for the work to which the Spirit has called us, we go now to the Gentiles who have never heard his name."
antioch,1,Barnabas,"Antioch has welcomed us with open arms, Paul, but Roman informers watch every door where 'Christians' gather."
philippi,1,Paul,"About midnight, chained in the inner cell, we prayed and sang hymns to God, and the prisoners listened."
philippi,1,Silas,"They stripped us and beat us with rods, Paul. My back is raw, but my spirit will not break."
corinth,1,Paul,"I decided to know nothing among you except Jesus Christ, and him crucified."
corinth,1,Titus,"The believers here quarrel over who baptized them, Paul - some say yours, some Apollos's, some Peter's."
ephesus,1,Paul,"I fought as if facing wild beasts in this city's arena, for the sake of the gospel."
ephesus,1,Aquila,"Demetrius has stirred the silversmiths into a mob, Paul - they shout for Artemis in the streets and mean us harm."
rome,1,Demas,"(Slips toward the Forum) I have loved this present world too much, Paul. Rome's favor is worth more to me than your chains."
rome,1,Paul,"Demas, are you turning from the faith for the sake of Rome's gold?"
rome,1,Peter,"Demas, how could you do this? We trusted you."
rome,1,Luke,"This is a dark hour for us all. We must stay strong."
rome,1,Timothy,"We must not let this desertion break our spirits."
rome,1,Silas,"Paul, should we resist when the guard comes for us?"
jerusalem,8,Peter,"They still whisper 'traitor' when you are not near, Paul. I do not - but the guard at the gate does."
jerusalem,9,Paul,"I am not ashamed of the gospel, for it is the power of God for salvation to everyone who believes."
antioch,8,Mark,"They spit the name 'Christian' at us like a curse, Paul - yet the believers wear it like armor."
antioch,9,Paul,"It is no longer I who live, but Christ who lives in me, and the life I live I live by faith in the Son of God."
philippi,8,Luke,"The jailer draws his sword, Paul - he means to end his own life rather than face his commander's wrath!"
philippi,9,Paul,"Do not harm yourself! Believe in the Lord Jesus, and you will be saved - you and your household."
corinth,8,Priscilla,"The proconsul Gallio dismissed the charges against us today, but the synagogue leaders will not forget it."
corinth,9,Paul,"Love is patient, love is kind. It does not envy, it does not boast, it is not proud."
ephesus,8,John,"The theater is packed with twenty-four thousand voices, Paul. We cannot reason with a riot."
ephesus,9,Paul,"None of these things move me, and I count my life worth nothing, so that I may finish the race and complete the task the Lord has given me."
rome,10,Paul,"(He steadies the frightened believers) No more fear among us - the Lord stood by me and gave me strength."
rome,11,Paul,"I have fought the good fight, I have finished the race, I have kept the faith. Now there is in store for me the crown of righteousness."
damascus,1,Saul,"Every house of the Way in Jerusalem stands empty. Now Damascus. I carry the high priest's letters - man or woman, we bring them back in chains."
damascus,1,Temple Guard 1,"Riders sighted on the road ahead, rabbi. Followers of the Nazarene, running north."
damascus,1,Ananias,"Brothers, do not scatter. We will not deny the Lord - not for chains, and not for Saul of Tarsus."
damascus,8,Prochorus,"I saw you at Stephen's stoning, Saul. You kept the cloaks. He prayed for you as the stones fell."
damascus,8,Saul,"Stephen blasphemed, and so do you. Bind him!"
damascus,9,Nicolas,"The sun stands at noon - and still there is a brighter light upon this road."
damascus,light,Saul,"(Light blazes down from the sky) What is this? Brighter than the noonday sun - I can't see - (He falls from his horse)"
damascus,light,Jesus,"Saul, Saul, why are you persecuting me?"
damascus,light,Saul,"Who are you, Lord?"
damascus,light,Jesus,"I am Jesus, whom you are persecuting. Now get up and go into the city, and you will be told what you must do."
damascus,light,Temple Guard 1,"We hear the voice, but we see no one! Rabbi - rabbi, can you stand?"
damascus,light,Saul,"My eyes are open, and I see nothing. Take my hand. Lead me into Damascus."
