character,voice,rate,pitch,notes
Paul,en-GB-RyanNeural,-6%,-4Hz,"Passionate, driven teacher - the lead voice"
Saul,en-GB-RyanNeural,-4%,-6Hz,"Paul before his conversion - the same voice, harder"
Peter,en-IE-ConnorNeural,-10%,-9Hz,"Older fisherman, weathered and plain-spoken"
Barnabas,en-US-AndrewNeural,-6%,-3Hz,"Son of Encouragement - warm and steady"
Silas,en-US-ChristopherNeural,-4%,-2Hz,"Reliable, calm authority"
Luke,en-GB-ThomasNeural,-6%,+0Hz,"The physician - measured and careful"
Titus,en-AU-WilliamMultilingualNeural,-2%,+0Hz,"Frank, practical Greek convert"
Aquila,en-ZA-LukeNeural,-4%,-5Hz,"Tentmaker from Pontus - grounded"
Demas,en-US-GuyNeural,+0%,+0Hz,"Worldly, restless - the one who leaves"
Timothy,en-NZ-MitchellNeural,+2%,+6Hz,"Young protege - earnest"
Mark,en-CA-LiamNeural,+0%,+3Hz,"Young, eager"
John,en-US-BrianNeural,-6%,+0Hz,"Gentle, sincere - the beloved disciple"
Priscilla,en-GB-SoniaNeural,-4%,+0Hz,"Teacher and host - the one woman who speaks"
Temple Guard 1,en-US-SteffanNeural,+2%,-4Hz,"Saul's mounted temple guard - blunt"
Ananias,en-IN-PrabhatNeural,-8%,-6Hz,"Elder disciple of Damascus - steady, unafraid"
Prochorus,en-KE-ChilembaNeural,-4%,-2Hz,"One of the Seven - witnessed Stephen's death"
Nicolas,en-NG-AbeoNeural,-2%,+0Hz,"One of the Seven, a convert from Antioch - hopeful"
Jesus,en-GB-ThomasNeural,-14%,-8Hz,"The voice from heaven on the Damascus road - slow, calm, weighty"
*,en-US-EricNeural,+0%,+0Hz,"Anyone not listed above (soldiers, officers)"
