assets/stone.png,assets/wood.png,assets/stone.png,assets/cobblestone.png,assets/stone.png,assets/cobblestone.png,assets/stone.png,assets/sand.png,assets/cobblestone.png,assets/wood.png,assets/stone.png,assets/cobblestone.png
assets/cobblestone.png,assets/stone.png,assets/cobblestone.png,assets/wood.png,assets/cobblestone.png,assets/wood.png,assets/cobblestone.png,assets/wood.png,assets/stone.png,assets/sand.png,assets/cobblestone.png,assets/stone.png
assets/stone.png,assets/cobblestone.png,assets/sand.png,assets/cobblestone.png,assets/wood.png,assets/stone.png,assets/sand.png,assets/stone.png,assets/wood.png,assets/cobblestone.png,assets/wood.png,assets/cobblestone.png
assets/sand.png,assets/stone.png,assets/cobblestone.png,assets/stone.png,assets/cobblestone.png,assets/wood.png,assets/cobblestone.png,assets/wood.png,assets/cobblestone.png,assets/wood.png,assets/cobblestone.png,assets/wood.png
assets/stone.png,assets/cobblestone.png,assets/sand.png,assets/wood.png,assets/sand.png,assets/cobblestone.png,assets/stone.png,assets/sand.png,assets/stone.png,assets/cobblestone.png,assets/stone.png,assets/cobblestone.png
assets/sand.png,assets/stone.png,assets/wood.png,assets/sand.png,assets/cobblestone.png,assets/stone.png,assets/wood.png,assets/cobblestone.png,assets/wood.png,assets/stone.png,assets/cobblestone.png,assets/wood.png
assets/stone.png,assets/cobblestone.png,assets/stone.png,assets/wood.png,assets/stone.png,assets/cobblestone.png,assets/stone.png,assets/wood.png,assets/cobblestone.png,assets/sand.png,assets/wood.png,assets/cobblestone.png
assets/cobblestone.png,assets/wood.png,assets/cobblestone.png,assets/stone.png,assets/wood.png,assets/sand.png,assets/cobblestone.png,assets/sand.png,assets/stone.png,assets/wood.png,assets/cobblestone.png,assets/wood.png
assets/wood.png,assets/stone.png,assets/wood.png,assets/cobblestone.png,assets/stone.png,assets/cobblestone.png,assets/stone.png,assets/wood.png,assets/cobblestone.png,assets/stone.png,assets/wood.png,assets/cobblestone.png
assets/cobblestone.png,assets/wood.png,assets/cobblestone.png,assets/wood.png,assets/cobblestone.png,assets/sand.png,assets/cobblestone.png,assets/sand.png,assets/stone.png,assets/cobblestone.png,assets/stone.png,assets/wood.png
assets/stone.png,assets/cobblestone.png,assets/wood.png,assets/cobblestone.png,assets/sand.png,assets/stone.png,assets/wood.png,assets/cobblestone.png,assets/sand.png,assets/stone.png,assets/cobblestone.png,assets/stone.png
assets/cobblestone.png,assets/sand.png,assets/cobblestone.png,assets/wood.png,assets/cobblestone.png,assets/wood.png,assets/cobblestone.png,assets/wood.png,assets/cobblestone.png,assets/cobblestone.png,assets/cobblestone.png,assets/cobblestone.png
